{
"menuList":[
  {
    "id": 1,
    "name": "Dashboard",
    "url": "/dashboard",
    "icon": ""
  },
  {
    "id": 2,
    "name": "Audio Conferencing",
    "url": "/audio",
    "icon": "headset_mic",
    "subMenu": [
      {
        "id": 1,
        "name": "Dashboard",
        "url": "/dashboard",
        "icon": ""
      },
      {
        "id": 2,
        "name": "AC Management",
        "url": "",
        "icon": "add_circle_outline",
        "subMenu": [
          {
            "id": 1,
            "name": "Create New Conference",
            "url": "/audio/account-management/create-new-conference",
            "icon": ""
          },
          {
            "id": 2,
            "name": "Conference list",
            "url": "/audio/account-management/conference-list",
            "icon": ""
          },
          {
            "id": 3,
            "name": "Conference Report",
            "url": "#",
            "icon": ""
          },
          {
            "id": 4,
            "name": "Live Conference",
            "url": "#",
            "icon": ""
          },
          {
            "id": 5,
            "name": "Conference Schedule",
            "url": "#",
            "icon": ""
          },
          {
            "id": 6,
            "name": "Associated Numbers",
            "url": "/audio/account-management/associated-numbers",
            "icon": ""
          },
          {
            "id": 7,
            "name": "Dialout rates",
            "url": "#",
            "icon": ""
          },
          {
            "id": 9,
            "name": "Outbound Simulator",
            "url": "#",
            "icon": ""
          }
        ]
      },
      {
        "id": 3,
        "name": "Contact Management",
        "url": "",
        "icon": "add_circle_outline"
      },
      {
        "id": 4,
        "name": "Account Management",
        "url": "",
        "icon": "add_circle_outline"
      },
      {
        "id": 5,
        "name": "Audio Management",
        "url": "",
        "icon": "add_circle_outline",
        "subMenu": [
          {
            "id": 1,
            "name": "Welcome Audio Message",
            "url": "/audio/account-management/create-new-conference",
            "icon": ""
          },
          {
            "id": 2,
            "name": "Welcome Audio Message List",
            "url": "/audio/account-management/conference-list",
            "icon": ""
          },
          {
            "id": 3,
            "name": "Add In Call Audio Message",
            "url": "#",
            "icon": ""
          },
          {
            "id": 4,
            "name": "List In Call Audio Message",
            "url": "#",
            "icon": ""
          }
        ]
      },
      {
        "id": 6,
        "name": "Support",
        "url": "",
        "icon": "add_circle_outline"
      }
    ]
  },
  {
    "id": 3,
    "name": "Video Conferencing",
    "url": "/video",
    "icon": "ondemand_video",
    "subMenu": [
      {
        "id": 1,
        "name": "Dashboard",
        "url": "/dashboard",
        "icon": ""
      },
      {
        "id": 2,
        "name": "VC Management",
        "url": "",
        "icon": "add_circle_outline",
        "subMenu": [
          {
            "id": 1,
            "name": "Create New Conference",
            "url": "/audio/account-management/create-new-conference",
            "icon": ""
          },
          {
            "id": 2,
            "name": "Conference list",
            "url": "/audio/account-management/conference-list",
            "icon": ""
          },
          {
            "id": 3,
            "name": "Conference Report",
            "url": "#",
            "icon": ""
          },
          {
            "id": 4,
            "name": "Live Conference",
            "url": "#",
            "icon": ""
          },
          {
            "id": 5,
            "name": "Conference Schedule",
            "url": "#",
            "icon": ""
          },
          {
            "id": 6,
            "name": "Associated Numbers",
            "url": "/audio/account-management/associated-numbers",
            "icon": ""
          },
          {
            "id": 7,
            "name": "Dialout rates",
            "url": "#",
            "icon": ""
          },
          {
            "id": 9,
            "name": "Outbound Simulator",
            "url": "#",
            "icon": ""
          }
        ]
      },
      {
        "id": 3,
        "name": "Contact Management",
        "url": "",
        "icon": "add_circle_outline"
      },
      {
        "id": 4,
        "name": "Account Management",
        "url": "",
        "icon": "add_circle_outline"
      },
      {
        "id": 5,
        "name": "Support",
        "url": "",
        "icon": "add_circle_outline"
      }
    ]
  },
  {
    "id": 4,
    "name": "voip outbound",
    "url": "#",
    "icon": "phone_in_talk"
  },
  {
    "id": 5,
    "name": "contact centre",
    "url": "#",
    "icon": "assignment_ind"
  },
  {
    "id": 6,
    "name": "white board",
    "url": "#",
    "icon": "tv"
  },
  {
    "id": 7,
    "name": "crm",
    "url": "#",
    "customIcon": "icon-crm"
  },
  {
    "id": 8,
    "name": "sales management",
    "url": "#",
    "customIcon": "fa fa-eur"
  },
  {
    "id": 9,
    "name": "mi number",
    "url": "#",
    "icon": "filter_9_plus"
  },
  {
    "id": 10,
    "name": "cloud telephony",
    "url": "#",
    "icon": "settings_system_daydream"
  },
  {
    "id": 11,
    "name": "message centre",
    "url": "#",
    "icon": "forum"
  },
  {
    "id": 12,
    "name": "ivr",
    "url": "#",
    "icon": "perm_phone_msg"
  }
]
}